# Built-in starter list of MAC prefixes (OUI). Format:  Vendor=PREFIX,PREFIX,...
# A prefix only SUGGESTS who made the network chip - it is a hint, never proof.
# For full coverage download https://standards-oui.ieee.org/oui/oui.csv and set netscope.oui.file=<path>.
VMware=005056,000C29,000569
Oracle VirtualBox=080027
QEMU/KVM=525400
Microsoft Hyper-V=00155D
Raspberry Pi=B827EB,DCA632,E45F01,D83ADD,2CCF67,28CDC1
Apple=000393,000A27,000A95,001124,0017F2,001B63,001CB3,001EC2,0021E9,002332,0025BC,3C0754,A45E60,F01898
Google=001A11,F4F5D8,3C5AB4,54609A
Cisco=00000C,000142,000143,001B54,001E13,001E14
TP-Link=50C7BF,F4F26D,14CC20,EC086B,98DAC4,60E327,002719,A0F3C1,1C3BF3
D-Link=00055D,001195,001346,001CF0,00179A,1C7EE5,28107B,C8BE19,14D64D
Netgear=00095B,000FB5,00146C,001B2F,001E2A,001F33,00223F,20E52A,204E7F,A040A0,C03F0E,9C3DCF,2C3033
Ubiquiti=00156D,002722,24A43C,44D9E7,788A20,F09FC2,FCECDA,0418D6,802AA8
MikroTik=000C42,4C5E0C,D4CA6D,6C3B6B,E48D8C,B869F4,2CC81B
Aruba Networks=000B86,24DEC6,204C03,9C1C12,D8C7C8,6CF37F,ACA31E,001A1E
Juniper Networks=000585,00121E,0019E2,001F12,002159
HP=0001E6,0001E7,000BCD,000D9D,001083,001321,001560,0017A4,001871,001A4B,001B78,001CC4,001E0B,001F29,00215A,002264,002481,3CD92B,9CB654,9457A5,705A0F
Dell=001422,0015C5,00188B,0019B9,001AA0,001C23,001D09,001E4F,001EC9,002170,002219,0024E8,002564,0026B9,14FEB5,180373,1866DA,24B6FD,34E6D7,44A842,5C260A,74E6E2,B083FE,B8AC6F,D4BED9,F8BC12,F8DB88,549F35,ECF4BB
Intel=001B21,0013E8,001500,001517,0016EA,0016EB,0018DE,001B77,001CC0,001DE0,001E64,001E65,001F3B,001F3C,00215C,00215D,002314,002315,0024D6,0024D7,0026C6,0026C7,3C970E,7C5CF8,A44E31,8C8D28,5C514F,00A0C9,9CDA3E
Realtek=00E04C
ASUS=000C6E,000EA6,00112F,001731,0018F3,001A92,001BFC,001D60,001E8C,001FC6,002215,00248C,002354,002618,04D4C4,08606E,1C872C,2C56DC,305A3A,50465D,74D02B,AC220B,BCEE7B,F46D04
Samsung=001247,001599,001632,0017C9,0017D5,0018AF,001A8A,001C43,001D25,001DF6,001E7D,001FCC,001FCD,002119,0021D1,002339,002454,002491,002566,002567,002637,380A94,5C0A5B,8C7712
Xiaomi=640980,286C07,34CE00,64B473,F8A45F,F0B429,508F4C,9C99A0
Huawei=00E0FC,001E10,002568,04021F,0819A6,101B54,20F3A3,480031,78F557
OnePlus=94652D,C0EEFB
Espressif=240AC4,30AEA4,84CCA8,A4CF12,246F28,2462AB,3C71BF,5CCF7F,807D3A,840D8E,8CAAB5,9C9C1F,A020A6,ACD074,B4E62D,BCDDC2,C82B96,CC50E3,D8A01D,DC4F22,ECFABC
Brother=008077,001BA9,3C2AF4,30055C
Canon=000085,001E8F,2C9EFC,00BBC1,180CAC,F4A997
Epson=000048,0026AB,44D244,64EB8C,AC1826,B0E892,9CAED3
Ricoh=000074,002673
Xerox=0000AA,9C934E
Kyocera=00C0EE
Lexmark=000400,002000
Konica Minolta=00206B
Microsoft=000D3A,0017FA,001DD8,0050F2,281878,7C1E52,985FD3
Amazon=0C47C9,34D270,40B4CD,44650D,50DCE7,6837E9,74C246,84D6D0,A002DC,FC65DE,F0272D
Zyxel=001349,0019CB,5CF4AB,FCF528,B0B2DC
Ruckus=001392,002482,C4108A
Fortinet=00090F,085B0E,906CAC,E023FF
Extreme Networks=000496,00E02B
Brocade=00051E,006069
Tenda=C83A35,D83214
LG Electronics=001C62,001E75,0021FB,002483,0025E5,34FCEF,64BC0C,A816B2
Linksys=000C41,000F66,001217,001310,0014BF,0016B6,001839,001A70,001C10,001D7E,001EE5,002129,00226B,002369,00259C,20AA4B,C0C1C0
Belkin=00173F,001150,001CDF,0030BD,08863B,94103E,B4750E,C4411E,EC1A59
Synology=001132
QNAP=245EBE,00089B
Sonos=000E58,5CAAFD,7828CA,B8E937
